,Tamanho Amostra (n),Cobertura Empírica,Comprimento Médio
0,10,0.912,3.486442697231949
1,50,0.95,1.6321243700549477
2,100,0.941,1.154394493320433
3,500,0.913,0.5187213613153154
